<?xml version="1.0" encoding="UTF-8"?>
<project-private xmlns="http://www.netbeans.org/ns/project-private/1">
    <editor-bookmarks xmlns="http://www.netbeans.org/ns/editor-bookmarks/2" lastBookmarkId="0"/>
    <open-files xmlns="http://www.netbeans.org/ns/projectui-open-files/2">
        <group>
            <file>file:/C:/Users/realb/OneDrive/Desktop/HotelProject/src/hotelproject/AccommodationBooking.java</file>
            <file>file:/C:/Users/realb/OneDrive/Desktop/HotelProject/src/hotelproject/SPA.java</file>
            <file>file:/C:/Users/realb/OneDrive/Desktop/HotelProject/src/hotelproject/Facility.java</file>
            <file>file:/C:/Users/realb/OneDrive/Desktop/HotelProject/src/hotelproject/Printable.java</file>
            <file>file:/C:/Users/realb/OneDrive/Desktop/HotelProject/src/hotelproject/Booking.java</file>
            <file>file:/C:/Users/realb/OneDrive/Desktop/HotelProject/src/hotelproject/Main.java</file>
            <file>file:/C:/Users/realb/OneDrive/Desktop/HotelProject/src/hotelproject/JuniorSuite.java</file>
            <file>file:/C:/Users/realb/OneDrive/Desktop/HotelProject/src/hotelproject/RoyalSuite.java</file>
            <file>file:/C:/Users/realb/OneDrive/Desktop/HotelProject/src/hotelproject/SpaBooking.java</file>
            <file>file:/C:/Users/realb/OneDrive/Desktop/HotelProject/src/hotelproject/ReadTextFile.java</file>
            <file>file:/C:/Users/realb/OneDrive/Desktop/HotelProject/src/hotelproject/Item.java</file>
            <file>file:/C:/Users/realb/OneDrive/Desktop/HotelProject/src/hotelproject/WriteBinaryFile.java</file>
            <file>file:/C:/Users/realb/OneDrive/Desktop/HotelProject/src/hotelproject/Client.java</file>
            <file>file:/C:/Users/realb/OneDrive/Desktop/HotelProject/src/hotelproject/Room.java</file>
            <file>file:/C:/Users/realb/OneDrive/Desktop/HotelProject/src/hotelproject/ReadBinaryFile.java</file>
            <file>file:/C:/Users/realb/OneDrive/Desktop/HotelProject/src/hotelproject/WriteTextFile.java</file>
            <file>file:/C:/Users/realb/OneDrive/Desktop/HotelProject/src/hotelproject/Vatable.java</file>
            <file>file:/C:/Users/realb/OneDrive/Desktop/HotelProject/src/hotelproject/Suite.java</file>
            <file>file:/C:/Users/realb/OneDrive/Desktop/HotelProject/src/hotelproject/Reservable.java</file>
        </group>
    </open-files>
</project-private>
